{
  "project_info": {
    "project_number": "181415507288",
    "project_id": "herbsnap-cc583",
    "storage_bucket": "herbsnap-cc583.appspot.com"
  },
  "client": [
    {
      "client_info": {
        "mobilesdk_app_id": "1:181415507288:android:aedc14a912b50454e5a12d",
        "android_client_info": {
          "package_name": "com.example.myapplicationawdawdawd"
        }
      },
      "oauth_client": [],
      "api_key": [
        {
          "current_key": "AIzaSyCo-_pvDl_tamApbT4zMXNkhxtmY5W8-a0"
        }
      ],
      "services": {
        "appinvite_service": {
          "other_platform_oauth_client": []
        }
      }
    }
  ],
  "configuration_version": "1"
}